track_name,artist_name,danceability,energy,valence,tempo,loudness,acousticness,popularity
Blinding Lights,Taylor Swift,0.3721867081851528,0.20788625514602732,0.16704190790094986,146.507181695842,-6.593958334187083,0.12786680122241756,6.725591396736785
Shape of You,Ariana Grande,0.9317870346756967,0.026532203873819715,0.16761921628831766,80.62755362514953,-9.28288111152349,0.7655467505158609,9.491793682166971
Dance Monkey,Ed Sheeran,0.6536766607135,0.18143543508979731,0.03667142693354297,171.31889120337127,-5.903711051047679,1.1634755366141114e-05,99.88926120332906
Someone You Loved,Post Malone,0.878520226275419,0.5830415609696922,0.7364020150656405,84.23736259282869,-6.887825049366064,0.4165658284822922,32.663924942591095
Bad Guy,Taylor Swift,0.5240347207214282,0.42142455059249795,0.6638045276218051,169.48805392774784,-3.2287936026499064,0.5225101810855884,74.81839120488463
Watermelon Sugar,Olivia Rodrigo,0.9268662599473403,0.8926717110769748,0.4746308757498139,104.2976672198285,-3.942207505473096,0.054634420000972295,80.66650530268164
Levitating,Billie Eilish,0.5724411751139141,0.8174435617384409,0.8441704489691971,194.96881761432564,-6.3540627180246005,0.9730781629723328,85.80232710072292
Stay,Taylor Swift,0.3075863560362088,0.34181735169787597,0.8056701529500532,124.15289015625014,-7.8210744574500985,0.22612533124967193,99.76282974021565
As It Was,Ed Sheeran,0.9337673834934845,0.2594234334312925,0.5853543643967521,119.23179396056949,-0.11964033844408206,0.30419871963628087,24.149648525686786
Heat Waves,Post Malone,0.36390067375029345,0.3796924081672669,0.8682712805132586,97.86656603989336,-5.459983788038851,0.30394251225502733,4.035082685969971
drivers license,Ariana Grande,0.5235195463132903,0.5902949425148077,0.20584121003676825,116.67250585882579,-3.1172576421976297,0.2304166621173499,41.1191517994586
Peaches,Ed Sheeran,0.9650433769355633,0.26806364082287626,0.11191961939772788,185.19809141938407,-8.594470324216392,0.001473822086311416,13.008066982894695
Good 4 U,Ed Sheeran,0.9654250028562892,0.624148907849134,0.2697496115169896,199.56012051526966,-5.144103003406022,0.7293447940879964,2.2425889162055124
Montero,Billie Eilish,0.7014065216863002,0.4094116521912404,0.05708685608931485,124.19714366082181,-9.724632801305345,0.9668454997992854,36.04268271414861
Kiss Me More,Dua Lipa,0.7422860485188594,0.5520471808519802,0.531169528001032,133.8332757145451,-4.945448820895501,0.22429348328504506,78.37382510752364
Industry Baby,Post Malone,0.6139118653848238,0.4361265291353167,0.9366056922949615,166.64851258432844,-0.3598259288229766,0.6630471918034224,56.61806912250709
Butter,Drake,0.5052475401886452,0.29446575954191767,0.03934354066850965,186.34349365580894,-6.157932870141998,0.7418963269587151,31.277798921035405
Save Your Tears,Ed Sheeran,0.5300651817589411,0.9484533069621567,0.1221099140100268,151.1653201024141,-9.610039874250884,0.8484253790905247,65.43420054927196
Peaches,Dua Lipa,0.7707629192539269,0.7636057941597608,0.4521990282834353,126.98308378133953,-9.690442090806565,0.4226291970136091,23.20181803088107
STAY,Drake,0.8266621706063759,0.14011317576645255,0.9338750175279049,129.51462090183486,-6.120132400531305,0.30293090564042924,1.4381446072085025
Shivers,Post Malone,0.8541053306080939,0.8684679758979128,0.3161561049767505,163.47417757961682,-8.39975063536806,0.3252951340230311,76.43533864364274
My Universe,The Weeknd,0.8527326999561877,0.48743119824951364,0.5072348086883924,80.38619163251344,-9.766479036718142,0.7126213330985128,62.374308486400906
Easy On Me,Olivia Rodrigo,0.3638442721340832,0.8945522268940914,0.0415728590503921,154.3507204951809,-2.437863860498232,0.816779466505636,76.23026245009599
Cold Heart,Dua Lipa,0.646094213291807,0.7998552559473152,0.14834320096208886,122.65916125296289,-5.414769911181093,0.18161396775660266,3.893801668766561
ABCDEFU,Harry Styles,0.34029113201165095,0.42521350446923345,0.9866301229588469,175.3036797532501,-7.107552280273454,0.3709410081577652,83.71196278306522
Enemy,The Weeknd,0.6846702176266148,0.022469308320117398,0.9651186964360455,91.15887677877586,-0.9991681698351922,0.90194019674915,61.95262000363033
Beggin',Olivia Rodrigo,0.6090713509613639,0.2686773593849461,0.004939980934409616,150.58427203380685,-8.838610397994744,0.8066935196947392,56.33953507126401
Woman,Billie Eilish,0.9213929279308097,0.5416342146608669,0.951811785423239,137.71674678633485,-0.4408117104468072,0.9848584027624758,62.46140481145316
Need to Know,Taylor Swift,0.5456405087864551,0.6334782198261473,0.6391199378155004,157.07906310862728,-6.860332826226472,0.7542482596820808,86.4433246868364
INDUSTRY BABY,Ariana Grande,0.3819469114993241,0.2578876854332023,0.8679182945200221,87.7824313379562,-1.1159632769131882,0.39319520102792227,58.69365065589071
Blinding Lights,Harry Styles,0.40009417743698505,0.13935607407282413,0.4547398556338591,149.59805449137576,-3.9705712352053846,0.5906378339946378,58.095037988817936
Shape of You,Billie Eilish,0.8330574422022305,0.8349302367992991,0.5155960285792502,147.37815055514284,-1.7329264025851252,0.6610142542473203,99.06791570657658
Dance Monkey,Post Malone,0.7327526443213828,0.9844021807035521,0.4888465802569202,147.2792113299405,-0.1598683678953563,0.07845581631712395,75.6730167068568
Someone You Loved,Billie Eilish,0.37078587328595314,0.5256901823026858,0.6668642575461043,152.41851999157458,-7.115945621812543,0.5444969591038651,44.22938054511353
Bad Guy,Taylor Swift,0.3588747642804982,0.1716792858483035,0.1396512547563129,161.17615246716346,-0.3886451459240696,0.7093208284726096,70.73970000329277
Watermelon Sugar,Post Malone,0.790678392021384,0.27230732651936895,0.029973589872677953,176.59867996169237,-6.105181050975796,0.16732130400106038,38.92304716917885
Levitating,Harry Styles,0.35093410445493545,0.018390676547466733,0.3079299415911909,112.37848641538572,-6.144880952630777,0.7806317174255571,22.8875462483499
Stay,Taylor Swift,0.8753020415032493,0.914298806560499,0.7046807627366467,179.00592922160746,-6.596128957454943,0.5837727805141116,59.68518768877594
As It Was,Drake,0.7943695590095473,0.11775108289014113,0.20185345212294836,139.79068187161442,-4.585923926524148,0.9522217856975946,92.81820981139515
Heat Waves,Ariana Grande,0.3569441464493298,0.5765164755142536,0.6734324333249173,89.24699349611974,-8.45854956821513,0.042422298206891695,92.91395200154628
drivers license,Harry Styles,0.35938639985963433,0.274055220687206,0.9699120461072704,87.0261115092775,-4.462885146419888,0.26532613755546697,34.19052781054903
Peaches,Drake,0.9906477049508227,0.5541780025157934,0.09390071578941839,120.1085982435273,-4.58295187589996,0.6015538792998241,52.7677466221695
Good 4 U,Olivia Rodrigo,0.5619895570292842,0.6514203883518642,0.6726021182251263,174.18763725337612,-2.3809818739513,0.2965599122059307,21.16358985698612
Montero,Harry Styles,0.5594495029468236,0.8297418037072016,0.44375021930457115,164.9217121689099,-1.6635003806241446,0.7144241640712422,99.56311094988834
Kiss Me More,Olivia Rodrigo,0.8689596970802518,0.2064212717606032,0.8681422543775054,174.63379576068877,-5.595586496875759,0.759005282521931,98.11179078679358
Industry Baby,Post Malone,0.9630740041687011,0.010995828658480478,0.1771497894473859,142.07228677299312,-6.976667506485063,0.10251596406647445,64.95089297074473
Butter,Drake,0.9902007446760095,0.13688563006880727,0.6926259522261645,132.82387975465886,-7.4066510268290555,0.5138544642067677,80.44140596774734
Save Your Tears,Ariana Grande,0.8273647296812592,0.9000186418481051,0.8381152896481102,97.69430320475408,-8.05376163295128,0.5088905555910559,71.51001612837
Peaches,Taylor Swift,0.5633817098716409,0.8738900775625152,0.9446142194740232,119.38313043311739,-9.423524178009751,0.36928077021554107,59.31582190394682
STAY,Ed Sheeran,0.3584505016890681,0.5974131021703083,0.6832480282896458,132.08232394086502,-6.575520211652867,0.9329248625696721,5.3347996988897695
Shivers,Billie Eilish,0.8440028411492058,0.6005168604336534,0.4971747640084273,90.63205156155406,-7.297523078692167,0.8275063198732212,45.476434255266106
My Universe,The Weeknd,0.6908829748150636,0.6650366745462555,0.6178472402012138,106.47343432534535,-0.3358261413359269,0.6972093819096368,67.47863021674105
Easy On Me,Ariana Grande,0.5969554064728834,0.1753712786234496,0.8689049844787182,151.78703528764868,-4.422911737499561,0.7143266357349976,67.75316138836847
Cold Heart,Drake,0.9344480695663151,0.9144119459249598,0.5706097466388297,168.2795737087028,-6.527229609694924,0.4617161438131191,37.31226184223836
ABCDEFU,Ed Sheeran,0.3778382376143059,0.4187705248920731,0.03038705969683686,199.80170136715395,-4.19532399006304,0.9209945210965759,94.16919866580305
Enemy,Ariana Grande,0.6448375730036013,0.38313852824949746,0.9309486955069778,191.97359976122692,-8.608032986543044,0.6945954272532854,16.7357032236781
Beggin',Drake,0.3079475513371933,0.5189177052828375,0.6895267510315611,157.107823944223,-5.5595625079779705,0.7289810616558164,50.03594462155606
Woman,Dua Lipa,0.6280624493958884,0.046965966775055046,0.6765133857772465,130.54976639528866,-3.737656785789362,0.8616909037873453,69.08839765508228
Need to Know,Dua Lipa,0.33941229297728615,0.1662833687560794,0.21567515239771717,156.3412837649879,-5.111021682075486,0.274071589342191,69.71358058918092
INDUSTRY BABY,Olivia Rodrigo,0.38317254138765033,0.7380336164263704,0.6588854702326572,174.27819416962785,-5.982211993456757,0.807070903866703,64.86389567688155
Blinding Lights,Ariana Grande,0.3822683727439734,0.08279866792512647,0.3938644056541585,94.20034291080648,-0.06151611100301757,0.19524060295649204,27.528821345186017
Shape of You,Dua Lipa,0.7544472114812444,0.6031521094663882,0.6512329770414921,129.18858676355458,-1.1968523785107301,0.34534195224488784,15.620656868662197
Dance Monkey,Drake,0.8222314154857964,0.24534910968132095,0.10659303030799072,180.77627427627408,-3.7659404184055987,0.3356104542698427,63.594032682671084
Someone You Loved,Olivia Rodrigo,0.7083581355680117,0.38929561404197655,0.657845304603036,126.05995423196528,-4.306226388177173,0.9785254683891406,59.930211613943776
Bad Guy,Drake,0.9735207839321793,0.28869373677069987,0.9994137257706666,148.62467254726238,-3.7933952017541595,0.8565372237479268,17.935601028924097
Watermelon Sugar,Olivia Rodrigo,0.5624094056665928,0.35567271646494913,0.04821203886055603,150.53232330346378,-7.986878921775667,0.7011698615902597,70.51391455705634
Levitating,Ariana Grande,0.4999984603973025,0.7190459051842455,0.9771741842213173,102.13715037603671,-6.048622567356814,0.7270567616153901,45.51719917336564
Stay,Ed Sheeran,0.9080193897326221,0.297121715623175,0.4069079607228706,123.46825299827461,-9.605404671091007,0.5620727944025711,66.7760591603153
As It Was,Taylor Swift,0.4565170869636168,0.5664046402968972,0.8707534503372591,120.14135464903185,-5.2445396251317336,0.9470906671085191,83.73670797701507
Heat Waves,Harry Styles,0.974255777608428,0.47605040219909966,0.7823854840582735,83.14360502384777,-4.5697541604233685,0.49625875288236154,16.972842857692317
drivers license,Ed Sheeran,0.30850813228287144,0.6636711653626481,0.5670162609866678,82.90301166696263,-7.722502638967904,0.3805177098698945,1.9144867996836679
Peaches,Post Malone,0.9789151786953472,0.936829739324758,0.7384492092513265,179.8036452410928,-0.359711528344862,0.163035336931591,77.91025863957867
Good 4 U,Drake,0.33021193836540325,0.7325720972102503,0.8785155613013479,112.76849719673748,-0.9054538906275802,0.786205652261058,60.96974251526159
Montero,Post Malone,0.9238001795886497,0.21494037859075676,0.404140321651033,142.16945194865787,-2.7785676454409414,0.7344439320755914,69.96395696221217
Kiss Me More,Ed Sheeran,0.6693907763604099,0.031183135061284672,0.3270331615632387,115.84706883065277,-4.666133712346374,0.3843550385241349,83.81549749886426
Industry Baby,Olivia Rodrigo,0.9950753572835103,0.2622640442998251,0.6675933855635847,192.88150941384086,-1.3003084035231502,0.02519341395922936,80.28109348245005
Butter,Harry Styles,0.3516575953147792,0.5950779307002548,0.8078459419412586,111.11561106389286,-8.69347656176537,0.8389973277180107,96.09201469288247
Save Your Tears,Harry Styles,0.6876979990809244,0.05142581348425035,0.7622851347766157,131.5588175286722,-2.09490205725115,0.011417983454073632,53.59350788521182
Peaches,The Weeknd,0.9785117749333692,0.49636624720123634,0.7978136488586345,184.72763005815222,-8.751791860331517,0.703699779629051,48.84956326599054
STAY,Harry Styles,0.6661684909191041,0.5968428489168892,0.435583314812933,181.03202801501703,-2.0578933745059462,0.970257109726057,40.18871998907301
Shivers,Taylor Swift,0.7405790466946838,0.3342438908169608,0.8178342161750216,102.33217014155328,-7.24232431748643,0.43766132814820347,15.369104284420454
My Universe,Harry Styles,0.787024082289232,0.7709122037458219,0.12020905537060844,176.31719717548526,-1.2290941898181114,0.23497340499595276,57.26072328820224
Easy On Me,Ed Sheeran,0.6181787453374412,0.1065982531337718,0.5444890979608495,134.98242640854713,-0.559579061746021,0.7048710100433817,27.70125243259788
Cold Heart,The Weeknd,0.7392906560588444,0.07513778173580876,0.0057586604981215705,137.95626465024262,-8.512040305948844,0.8171281420155851,92.13075122129754
ABCDEFU,Ed Sheeran,0.7090200183461701,0.7281887562036033,0.3245858299002703,96.01759668991326,-5.373243949346065,0.5464303160778473,58.31908042770976
Enemy,Ed Sheeran,0.9308106073436921,0.49549131620619846,0.3664615348713979,89.67218165085495,-0.19012621837314825,0.9670352752561462,59.284018050811014
Beggin',Billie Eilish,0.3318124662390205,0.688402396427736,0.3961726916092554,167.3527168368518,-5.165925640268534,0.0516687216579611,35.492466087701004
Woman,The Weeknd,0.49667423271456124,0.4348273386037462,0.6954672066898622,139.57533828263598,-1.364524774854548,0.5047955983045281,5.198935197770749
Need to Know,Ed Sheeran,0.9652880388535912,0.2464020332391068,0.38855810127034573,132.42208431382153,-4.112684778686802,0.7184539473225501,3.174376537298862
INDUSTRY BABY,Billie Eilish,0.9231846487236415,0.8191023176741997,0.44869362262253065,167.5409874382876,-6.246700920803981,0.862640471149179,42.33351441531975
Blinding Lights,Billie Eilish,0.618959726949999,0.7994158789689793,0.23754413087432746,171.86154787893315,-7.142164444741298,0.17925561190779005,8.456537809723786
Shape of You,The Weeknd,0.7340928184610757,0.6946964708544268,0.3732517916293401,99.06898012032244,-7.967769089139127,0.8000034817636814,60.68469555401391
Dance Monkey,Post Malone,0.49416682808679285,0.2721451372299627,0.22726962726315147,153.22701793731696,-2.3820180862230274,0.5527070757185453,88.09730056396575
Someone You Loved,Olivia Rodrigo,0.4316848118066329,0.5902306668690871,0.07319592376844364,96.24248987332226,-6.134594931769721,0.3965536819899632,88.29148165187222
Bad Guy,Taylor Swift,0.6245888834579875,0.3609738969400268,0.6034485933813779,170.1650103234855,-4.887245377992489,0.13171502857909356,65.90454101322324
Watermelon Sugar,Olivia Rodrigo,0.547346559618237,0.09158207332663415,0.6682127985550163,158.83461875205674,-5.0767451999881805,0.8652957589089124,21.1231831472931
Levitating,Harry Styles,0.7085592782956105,0.9173135754622428,0.6194903460096145,194.79375453001495,-4.227209707668687,0.15727320817971535,86.29968313588721
Stay,Taylor Swift,0.35441424587548936,0.1368186309189614,0.46349404380057235,88.27496196277055,-1.3442285437544772,0.30978785920909924,88.60934353132082
As It Was,Harry Styles,0.9820763653663165,0.9502373538208024,0.3797857801792298,86.84656653815051,-0.19260656416570576,0.2900455319624369,19.66535849529587
Heat Waves,Ed Sheeran,0.990347521135722,0.44600577295795574,0.8633336495718252,113.86244896318402,-5.924157914261831,0.8714140341908543,73.74260857706773
drivers license,Drake,0.7887131998138215,0.18513292883861965,0.519081785136218,111.40468204830871,-1.7248107789369698,0.672702994208898,28.651954892712293
Peaches,The Weeknd,0.6752674564408843,0.5419009473783581,0.47918187762973097,109.63745588863998,-2.3547220534528233,0.7966813971913723,80.26403123529296
Good 4 U,Taylor Swift,0.5166693314004294,0.8729458358764083,0.025642065806435688,188.7505496625244,-4.264710485444267,0.250467898792499,99.72378999036027
Montero,Taylor Swift,0.869656513794864,0.7322248864095612,0.34124782762615635,109.94554398194073,-0.4395285638806694,0.6248740996069989,3.0026005329392813
Kiss Me More,Ed Sheeran,0.7793118207877154,0.8065611478614497,0.38019561878585706,112.63396713543571,-7.995254844715972,0.5717459831437487,89.73658657909318
Industry Baby,Post Malone,0.4138318575414239,0.6587833667107174,0.3988227808969005,171.12779149015563,-8.907357896903786,0.8328303767882711,62.26305335986581
Butter,Billie Eilish,0.9376490291456896,0.6922765645178525,0.5801723692273323,133.9687810940648,-1.460380330445778,0.9060870604812605,97.33826191648211
Save Your Tears,Ed Sheeran,0.8757760700462183,0.8491956515653193,0.5336025467268785,173.20526683462174,-5.608501833662517,0.012156771477386807,46.50095175264276
Peaches,Dua Lipa,0.9648599393043469,0.24966800885918594,0.6079050927934446,87.84393890772623,-1.530311457929395,0.6740199190587927,84.73879305713737
STAY,Billie Eilish,0.808003655871852,0.4894249636431405,0.7648832615421283,138.50854324080612,-1.069097948045851,0.05183579911972902,6.239406859827723
Shivers,The Weeknd,0.7293906371550529,0.22120944181960223,0.8129857387160935,84.03363202199391,-9.375424063809286,0.5488586650773559,33.527905007829574
My Universe,Billie Eilish,0.5927701254034332,0.987668007996647,0.7181230762264944,87.51838441464254,-1.1653523701393933,0.2876327290436782,6.701653775120997
Easy On Me,Post Malone,0.9529099383478092,0.9440593396866133,0.9555236959549347,188.7724944013293,-5.516809446305778,0.3067765995221412,97.53431334790706
Cold Heart,Billie Eilish,0.9062447226502859,0.0394268113685059,0.01823258267636163,96.70944453411141,-4.895675109957677,0.3529585034523566,81.69739072718367
ABCDEFU,The Weeknd,0.33165306907433256,0.7055751725156885,0.1957779856835461,143.89048187302606,-3.734074889067898,0.6212924490496101,85.25474212459704
Enemy,Post Malone,0.3184568821480764,0.9252483174156658,0.00756287497814212,129.33147231208477,-0.736173932699133,0.3340499656687692,93.79652314338942
Beggin',Olivia Rodrigo,0.5635243568146346,0.18057534512733353,0.647474714154603,121.68119915106112,-9.808839055702359,0.7326990505902804,8.510348611978536
Woman,Taylor Swift,0.8673873315472829,0.5679452305526295,0.8980305489499869,187.9800014824727,-5.231565316821829,0.4045273855738697,38.55975925133334
Need to Know,Taylor Swift,0.991093290520461,0.9154882975880418,0.24348229657629927,82.61880761305873,-3.122779575694393,0.06835320030995862,7.103488904400212
INDUSTRY BABY,Harry Styles,0.4052918237724697,0.03394597858579884,0.9270345447963066,159.6547623410707,-2.7729304230177156,0.7837598424841072,21.07931015500286
Blinding Lights,Olivia Rodrigo,0.7158915007464945,0.6974202672468399,0.06026739028956085,195.60733210562606,-3.07467568462892,0.285758324592706,22.936577703767234
Shape of You,Olivia Rodrigo,0.566623599641715,0.29734900737255077,0.9344360268055143,147.22018201542102,-8.655648705918782,0.43276687959926263,46.91072110475787
Dance Monkey,Billie Eilish,0.9789400784702222,0.9243961953765304,0.3516226872396344,192.41869544397102,-7.006044116283188,0.6854438832219015,26.856216745364257
Someone You Loved,Taylor Swift,0.889483246194996,0.9710582451653678,0.10142082844921652,86.27094551432285,-6.412844745829865,0.332456157148712,10.09781068177611
Bad Guy,The Weeknd,0.8868300932977964,0.9442664891134339,0.48587175918632564,130.25519828889935,-1.9556279232049505,0.056585656146715624,16.749108909410772
Watermelon Sugar,Ariana Grande,0.6280852118564791,0.47421421665746377,0.25677656772050794,111.21893491544614,-7.21240127585447,0.3739210470128136,14.727556355209092
Levitating,Ariana Grande,0.5903736516363656,0.8620426509893134,0.28487290196192283,167.69851579768758,-7.892950361327968,0.9444485826943034,97.30767979122983
Stay,Post Malone,0.4913849503514943,0.8445493985350704,0.3072899649262866,197.7556508596696,-0.425519809619038,0.6417343972985582,75.92925069184736
As It Was,Taylor Swift,0.33946284765564894,0.31910047324325563,0.8030258978326634,110.78360749330974,-9.911367148865311,0.6714791486672069,96.7761465269562
Heat Waves,Taylor Swift,0.9053056633785372,0.8289154741506773,0.5391612766752545,158.50095217688892,-0.021791443180218195,0.6322821536376398,43.974048650790856
drivers license,Ariana Grande,0.8690307063910543,0.03700763471549262,0.31130769915600365,103.77171593116881,-3.231787011426044,0.1989921389594368,27.83684816626566
Peaches,Taylor Swift,0.9998023713002913,0.596269878482053,0.6103337833109184,147.8396305485932,-1.71530700550883,0.41833386410228013,79.82931972091866
Good 4 U,Billie Eilish,0.9976457859517338,0.23000883728770305,0.7161506742231936,135.67189840260033,-7.053806036538068,0.7509397983633183,32.62539180411468
Montero,Dua Lipa,0.6888021939218392,0.12056688577727881,0.27262400073353377,196.64063955578445,-9.8568472233294,0.10137289755315915,29.93833737053483
Kiss Me More,Drake,0.8382911906263573,0.07695320162920916,0.4135491015253515,153.02327272357599,-2.6213048143846995,0.27785277608971226,23.25059922078312
Industry Baby,Olivia Rodrigo,0.9613360109176996,0.6962887758781398,0.12188609333694755,121.94076465041826,-1.6585540299932422,0.2763191084658536,12.967897822423534
Butter,Harry Styles,0.894753173474188,0.33987496376806614,0.18114934953468032,93.691494186552,-2.595238680464808,0.432018927594506,25.646306101676597
Save Your Tears,Post Malone,0.47314367122023837,0.7247667715287615,0.6811178539649828,98.14961944819214,-8.571497126991614,0.9803687409421851,35.53197484738877
Peaches,Dua Lipa,0.6153808947170654,0.06535634079894237,0.18143834769562694,107.03803159414821,-2.4657207774303096,0.06750254668382194,67.39942081457303
STAY,Ariana Grande,0.39041159060604647,0.31529033783061033,0.5251633836670602,110.11599936083576,-2.3107721789235907,0.518700994380595,6.256484221945158
Shivers,Olivia Rodrigo,0.9678357190811055,0.5394912923753372,0.7090462617224327,182.07392694093653,-3.414594843299451,0.17936468201221045,21.050693966534297
My Universe,Taylor Swift,0.7243222441156161,0.7907231648389635,0.10687692309474384,147.346734593903,-2.338840672044138,0.9706765454097441,80.90236402916764
Easy On Me,Harry Styles,0.4600499638524239,0.3187525029320699,0.5673122196289035,142.80690936492397,-1.5407856032226785,0.1133035047274642,14.692192358377076
Cold Heart,Taylor Swift,0.7701904790840997,0.6258913764370091,0.25656278370136376,93.7722646243061,-3.8639588576254162,0.40360100236159124,34.26451465225215
ABCDEFU,The Weeknd,0.7326897683205271,0.8859777482361871,0.9629268752375798,183.2167632019322,-9.11395286030321,0.7378849848346062,86.46589218581401
Enemy,The Weeknd,0.5507139026229884,0.6158631881823046,0.4835456467199247,166.73771638501805,-5.123721903327891,0.7045544280274453,15.492531114344265
Beggin',Harry Styles,0.3794903145397403,0.23295947475363377,0.8059925497751581,88.1202034280002,-9.22350665328395,0.42272863689393225,8.27368356181899
Woman,Harry Styles,0.7701012369149597,0.02440078155653802,0.5502265421562618,164.94021166757224,-5.924569689675692,0.34652416795271823,48.45379950800108
Need to Know,Ariana Grande,0.6642153906326553,0.8700988739009299,0.043412532854819164,145.22458608111754,-5.928935108743723,0.39761237855287057,30.24195112785364
INDUSTRY BABY,Harry Styles,0.8406228742149475,0.021269410850387138,0.6331513755940223,89.8070414896134,-9.339901558597584,0.2642762631586393,56.34083644838541
Blinding Lights,Billie Eilish,0.6641144507783954,0.8747016726841994,0.951403342206657,134.99607698343877,-6.511794660305207,0.2053329387067998,80.38048904834751
Shape of You,Taylor Swift,0.8965270502229781,0.528937134027212,0.6016118201463312,138.16355445560563,-8.890019012086851,0.48303969755889,13.714848815274316
Dance Monkey,Dua Lipa,0.6863347871421399,0.9390676985128962,0.8191888594267902,99.89294481959308,-1.917647899907779,0.2685337560676073,58.0699084554285
Someone You Loved,Ed Sheeran,0.6926565800747704,0.7987832357736654,0.8842064633484078,193.48377764003388,-0.523119740355293,0.2874616648972501,50.550876038986395
Bad Guy,Harry Styles,0.9136575218608414,0.9979341105333375,0.22807977194893247,181.99704457767945,-9.276835247420614,0.6567560634745571,14.407878601319958
Watermelon Sugar,Post Malone,0.5824380063486778,0.35071181545171015,0.21204483990822665,160.282680479493,-0.44884792708298527,0.9685373316998922,62.39984855289824
Levitating,The Weeknd,0.3938106599154485,0.7671882889311269,0.6109809888509917,135.47546732007288,-4.774234006632549,0.6036372005593751,27.364041786077166
Stay,Billie Eilish,0.32014787341933726,0.40193091360924216,0.4110284698067047,129.41186499014103,-7.004343220461261,0.07697946706496628,48.78343185440125
As It Was,Olivia Rodrigo,0.8285960789715332,0.47987562030390885,0.8398613028667203,158.1168160581145,-9.231379247238365,0.07558361385406698,8.227232427706188
Heat Waves,Ed Sheeran,0.7342166859474253,0.6275054632183701,0.9000231233980112,145.45182432882865,-4.993757319295822,0.951423220845566,45.958405721362304
drivers license,Dua Lipa,0.7928558376694564,0.8736771141863388,0.3534213793027181,87.47277270582627,-2.0548445550925134,0.29729079030733363,30.646346804282032
Peaches,Ed Sheeran,0.4490749130562375,0.9840834691992951,0.23687055897448206,141.50031785243982,-2.9291352273330187,0.09206698608247543,82.23812111853543
Good 4 U,Harry Styles,0.39546003291073883,0.7682734138645182,0.7805255152438618,176.76843406794075,-9.497739885360263,0.5990445871503816,5.697872699736828
Montero,Ariana Grande,0.31018126596751733,0.41776678216733376,0.2748060355481361,135.10878531163496,-9.270981646320966,0.6236487782902661,41.860727491832996
Kiss Me More,The Weeknd,0.5454112911646178,0.4213570022770702,0.8226143185136784,86.23478930651221,-5.971267173673629,0.6485048201186882,45.8431424131438
Industry Baby,The Weeknd,0.7129423807982431,0.7375823015888915,0.42373825364876283,174.35338392608398,-7.047095059520567,0.2674020278575413,72.50060762991187
Butter,Olivia Rodrigo,0.5745708315698126,0.23877714576830233,0.6675498992914705,104.16365385631693,-7.676156769439522,0.015110684214475034,57.428757509021096
Save Your Tears,Ariana Grande,0.6062324454166104,0.11047411313139466,0.09553531383466818,111.03450018656466,-7.189955010912864,0.9650153694544719,66.72123371941811
Peaches,Taylor Swift,0.9329110861456238,0.35462215764077654,0.623859324676573,99.76476241187551,-1.9651725670311535,0.2508930456911025,77.7049285651756
STAY,Drake,0.5437788269163102,0.28723899165408173,0.4517676787372291,119.6258077845797,-0.7077194636814603,0.6760262880525475,86.22029736581888
Shivers,Billie Eilish,0.6597926424118675,0.2963081204559901,0.5866084631754741,170.8101806826362,-5.948973054724336,0.7066298698787096,31.38754967224705
My Universe,The Weeknd,0.8485571089188002,0.23360775104990994,0.16801420774486342,142.32630314047248,-0.9388899786750287,0.6100074170794857,53.802270536390296
Easy On Me,Post Malone,0.5775799476248891,0.04209318963636188,0.7368737449441821,104.5857528980855,-6.78504298752118,0.3129073942136482,84.01080784391999
Cold Heart,The Weeknd,0.7354606901595114,0.01787393473341381,0.8627970775432285,185.33960937824492,-5.235630136562084,0.27109625376406576,98.94511309650565
ABCDEFU,Ed Sheeran,0.9036545961227216,0.9877223897360315,0.21673980009077565,185.5498225941835,-7.739710021840002,0.5976682827027031,88.95193110437631
Enemy,The Weeknd,0.9646644365603494,0.42777313373586234,0.09571455552016173,184.46941100552084,-3.5952395782415607,0.8660956336116915,37.14672626243768
Beggin',The Weeknd,0.4029514366503265,0.3843266471596817,0.023638586046336396,108.65554536578472,-0.2101888482519101,0.9467337289233956,19.516651721865042
Woman,Drake,0.9486113376130461,0.6796472826930698,0.641971500443266,134.14872130171858,-3.965069039566213,0.10590580440375763,48.93925374065887
Need to Know,Drake,0.6444814051556766,0.21825388786506417,0.6070940360887808,198.198758736905,-6.421859158864511,0.15482861259771985,74.16414518360422
INDUSTRY BABY,Dua Lipa,0.4807710718092708,0.9499611839502253,0.54669741271407,172.64149715719884,-3.5218255400947163,0.9447362587830797,49.25690707532976
Blinding Lights,Taylor Swift,0.6213950293667829,0.786345014415552,0.23194709611597542,83.26009054706718,-8.770793215346124,0.7365352283347926,48.31808633136685
Shape of You,Post Malone,0.9860228026998339,0.08941100231225951,0.39090599590551467,87.82455095125904,-1.113409197346014,0.8829938248297731,83.82304210818006
Dance Monkey,The Weeknd,0.6448326657950088,0.41758077578492836,0.594476335186173,135.67176521747993,-4.969160492201636,0.20263263413534316,36.14037790671863
Someone You Loved,The Weeknd,0.5301261272012557,0.8791183075621647,0.4967668588591694,189.10642470338723,-5.50650257960358,0.5875858711094019,85.97946748116456
Bad Guy,Billie Eilish,0.743380598021708,0.9447320222914103,0.9877855202148873,144.6442157543257,-4.141352115464808,0.7011395944174736,40.680480095172356
Watermelon Sugar,Drake,0.46810193314473514,0.4674015112498697,0.13643975255673313,139.73750096411482,-3.7521613721059754,0.6801118854469727,32.82331056783394
Levitating,Post Malone,0.35310432967606475,0.6134113892107077,0.6951445540475938,92.65684399479566,-9.28224193773487,0.4081516908666981,45.3989911199699
Stay,Olivia Rodrigo,0.3902158053374544,0.16703394609207523,0.4043187681042921,158.81361256691528,-3.173827787765976,0.015394891691308477,76.24469586748684
As It Was,Dua Lipa,0.3896320872704407,0.9911686261369765,0.42819961492561476,178.65237927202708,-7.580683196844705,0.5829260568042631,12.600202786399429
Heat Waves,Taylor Swift,0.40633188545860605,0.2316717013834434,0.7175977656581762,125.65040090090747,-2.860473674934102,0.25310153917960876,19.64192158720174
drivers license,Ariana Grande,0.39717902085458706,0.9427317741351257,0.6924361513243696,173.0734221110393,-1.7746520561580326,0.45025424614289034,95.1444825663092
Peaches,Taylor Swift,0.7486123213622502,0.6496466489923685,0.9912559937021883,195.7371984680974,-1.9604149244747973,0.9575810150838173,17.54916273813574
Good 4 U,Ed Sheeran,0.4273160590794014,0.6077367948788591,0.12839428945412523,104.4519750953227,-4.474990325921109,0.3990353176424347,56.77273179310546
Montero,The Weeknd,0.5419670983267042,0.5126885110165086,0.10410964938416634,142.79955574336896,-4.798301076892488,0.8398016066644267,57.931446666193786
Kiss Me More,Dua Lipa,0.9277518869342083,0.2306698117177587,0.7243388171287412,114.45655497014906,-8.571240386605883,0.18854060574925113,48.96244620502448
Industry Baby,Ed Sheeran,0.6317731481840105,0.17652803200550826,0.5783869170064091,175.14253028406074,-2.246538495968644,0.6724604980250288,64.47452485768186
Butter,Post Malone,0.767290416964719,0.22048620907017535,0.27416066655980587,149.31120390573892,-7.285906195532856,0.9770069544389435,22.982672579761843
Save Your Tears,Ariana Grande,0.42062390984114084,0.18643826214425452,0.0794193689889866,156.14989010603645,-5.033045771820534,0.10189310087293679,55.266226777674824
Peaches,Drake,0.4346023131660695,0.7795844735667533,0.08565824959643054,175.74969915390727,-7.157259070724833,0.008319942227192012,37.21732552468971
STAY,Dua Lipa,0.3286080313865352,0.3501252591667301,0.8941908746641183,127.51645671949458,-8.661716370003068,0.43358279263261434,66.1667259629189
Shivers,Dua Lipa,0.41825454415051516,0.05784267656339637,0.1918673247187429,189.81080820884517,-3.7044230310826345,0.0926254830513672,14.122354337314945
My Universe,The Weeknd,0.495013237322371,0.9691026301408113,0.32337156211552076,143.9634640695368,-9.456679651770962,0.7483843496762314,57.08774168394763
Easy On Me,Harry Styles,0.42390733899372274,0.8837858849634257,0.22665640222698802,98.95457874024176,-2.513547658738,0.9145486638485589,18.52703553833237
Cold Heart,Dua Lipa,0.36209177362993894,0.927752283195213,0.3549963058319373,163.5078941802563,-6.824132047388833,0.43402097270875883,27.86430631150364
ABCDEFU,Billie Eilish,0.38444510977042057,0.9949078226464353,0.06942384274609337,175.19136205259053,-9.998653069955147,0.25871164215544096,21.87098003235832
Enemy,Ariana Grande,0.6225451376229081,0.1738952492194873,0.5190597909082704,118.0114012481032,-4.888708607627702,0.4344033190066098,18.28377798688171
Beggin',Ariana Grande,0.44443360288405476,0.39624201890265875,0.0676125635922149,182.86151083985035,-9.531480914723968,0.723447817850001,82.5710951560667
Woman,Billie Eilish,0.5549889027336528,0.7582384757040913,0.8003565078223616,188.73719057189197,-7.238304421791005,0.009054161580370979,28.570756766089033
Need to Know,Olivia Rodrigo,0.6523920895983998,0.6960206180537922,0.23371208191043302,113.22853848533707,-2.930235125442838,0.5894539894846972,92.71237818644494
INDUSTRY BABY,Billie Eilish,0.7832763800405557,0.15389590633985506,0.5400119146045106,198.02257672582664,-9.37310378378134,0.6132916848873791,96.99265253451908
Blinding Lights,Billie Eilish,0.32751849788876924,0.8158331249906178,0.8800790875614583,96.88538336585101,-1.6066150764399758,0.6376882468959355,57.126046993709735
Shape of You,Ariana Grande,0.8595872792363297,0.22444057183666066,0.6508773690471942,104.2418802082988,-9.961800773414168,0.2420220799808772,14.30011226657264
Dance Monkey,Taylor Swift,0.7395302726436355,0.22381761482262308,0.5329577865513353,102.10698070856313,-7.531761307980977,0.7140527233781268,37.45482433795813
Someone You Loved,Ariana Grande,0.3572313223642103,0.5369744228934136,0.3243337531153756,187.27876520094446,-2.5909594384792856,0.0913914863317764,79.7732263348214
Bad Guy,Harry Styles,0.9115050368747439,0.5929399348417032,0.33300191305819793,158.5151062789954,-6.837298502706933,0.1992703364668008,36.739072869707044
Watermelon Sugar,The Weeknd,0.9446106803722691,0.5800862078378112,0.6694869551981901,98.25251398667274,-8.981076119339864,0.8774700466544819,8.701721830278874
Levitating,Ed Sheeran,0.34275457189840464,0.09148683739775487,0.9941393612211675,132.83881020420188,-6.3976608119957215,0.7387231507265664,55.678491092818795
Stay,Taylor Swift,0.4938143537030426,0.8774608626303804,0.6618391898493786,153.83576300837626,-7.296067136154745,0.013745554011345251,84.51208514960348
As It Was,Drake,0.8643408958551428,0.26560004258870606,0.5577834173700249,90.01569019872599,-1.5728809783944513,0.2483762603698002,79.59263871435024
Heat Waves,Ed Sheeran,0.8237817832685608,0.12951492128280417,0.7306505102392461,185.88996420888066,-6.8665208241485685,0.21440648299316456,17.512314013035322
drivers license,The Weeknd,0.4291647135494641,0.8887480798689772,0.46520561228371815,176.43242425298422,-2.110675282239928,0.2708063280369726,67.27646144124667
Peaches,Harry Styles,0.4465445263356972,0.9556514982297534,0.060142342600785215,140.62481282919657,-1.0812785518926518,0.2475597702798864,22.05042634356471
Good 4 U,Harry Styles,0.5593304719539673,0.8621276172654506,0.5622968158779098,196.05519383110044,-5.661825804234705,0.06252629574284574,21.820753455217222
Montero,Drake,0.6391660896337149,0.8095160747248781,0.9576252845053802,130.13131751301196,-0.9005685614560797,0.45894051659682034,87.40717733051852
Kiss Me More,Taylor Swift,0.7327783400712071,0.6552419806390217,0.17530294235765964,198.09323828437974,-6.2268194603680715,0.7327334747861651,24.966895274023017
Industry Baby,Olivia Rodrigo,0.5582395476988407,0.5508573706091393,0.6900048908206657,160.15039985643523,-0.35921583509891875,0.6067317247174364,26.32473465180112
Butter,Billie Eilish,0.6237743012932035,0.08698675991141014,0.20093368865905648,156.160552790473,-9.10710475474427,0.6728716685980798,0.06533907612995549
Save Your Tears,Taylor Swift,0.8232296566936295,0.4084532130706987,0.5358276844730813,99.9145874354942,-3.1298073349675724,0.08114917853623915,87.06690341255177
Peaches,Olivia Rodrigo,0.3256782420234185,0.372688517012314,0.09667644964671962,185.83133099655728,-5.061859595430713,0.9514907101767872,79.25948132091347
STAY,Harry Styles,0.47670586104081447,0.2597537837603262,0.45037093625818514,131.2987625504738,-6.123511945443529,0.8384918338430248,62.7328935090678
Shivers,Ariana Grande,0.7993447101191866,0.7234201136885849,0.7561633288952461,99.46800869389753,-3.6728812125139907,0.8050903184956627,75.02657639388423
My Universe,The Weeknd,0.9266447863810394,0.4958757350787708,0.3475715242389821,81.51290239709108,-2.9614290836566877,0.8229838050417675,15.20485674244918
Easy On Me,Drake,0.6581742094809663,0.08104621590764793,0.664911724487218,147.1706820366059,-9.95636730349691,0.9327105081327614,45.832359458757544
Cold Heart,The Weeknd,0.672479439685721,0.22018320194981134,0.7954499607897292,143.28795465472115,-8.330469112528013,0.5442539661136977,35.121938734878086
ABCDEFU,Post Malone,0.3750204079378432,0.6832587636595959,0.9271778194794527,166.32243468429903,-2.869539493656813,0.2002820178676259,9.37765262570165
Enemy,Post Malone,0.6131886567764182,0.07613085949030018,0.23464208185545354,186.83096636213625,-3.3361458642179356,0.6167836078525412,48.61304852149241
Beggin',Taylor Swift,0.6728320865185162,0.8512069140487687,0.39931591580930814,89.52879015716354,-0.3395249487132279,0.742881493667939,92.07396503426354
Woman,Harry Styles,0.46972935254431075,0.4951465270139743,0.15241601333041743,167.7795788408435,-2.38962209749217,0.7379173933540254,4.005911905069448
Need to Know,Harry Styles,0.48847026166456664,0.480586577326648,0.9924835021583752,102.48943329170987,-0.49227292268662026,0.5214490241668801,29.14609134937939
INDUSTRY BABY,Billie Eilish,0.5640989141732358,0.5924077846595176,0.9270009679242953,182.98124637885968,-2.9745949846519304,0.06845871933357806,20.754093620570345
Blinding Lights,Billie Eilish,0.3140498384444084,0.8246809659251492,0.5399571302805596,178.28762166339874,-7.019477913605568,0.3711129384301278,23.81466536656963
Shape of You,Billie Eilish,0.5254554159082248,0.34780920790219305,0.8420332943764213,144.8952505982653,-8.946350777491435,0.9207666084633573,90.84345518793752
Dance Monkey,Ariana Grande,0.44801360489758124,0.6780161525590636,0.5209579772720422,165.22913583479738,-2.181761366550644,0.584448909757426,46.806905423429015
Someone You Loved,Ed Sheeran,0.5292481465245402,0.5657319639957911,0.6235856880027597,117.72201358204981,-3.558507785240841,0.5383319432557134,46.62994129398188
Bad Guy,Dua Lipa,0.38383349227347585,0.2670282701694213,0.08912443211601662,136.54014787193776,-9.518139876067037,0.2688535143821935,76.05756424552823
Watermelon Sugar,Ed Sheeran,0.9233690965179264,0.878629986355158,0.7552704204968079,178.5964277252566,-6.399495340990216,0.3684489199165789,15.44922040049258
Levitating,The Weeknd,0.715514717487834,0.7974260216069281,0.12771348363523483,135.11182366078566,-0.4320018451571386,0.8953460891531693,48.72653541000508
Stay,Ed Sheeran,0.7753716234011427,0.6584518346584255,0.8260676302525284,122.93579183905302,-4.9959885428979875,0.6664630475268357,42.99852141210597
As It Was,Ariana Grande,0.8524198670251368,0.8505817290942419,0.7820280876703859,139.305493670036,-5.672708639802954,0.7873870267523329,59.69106905466561
Heat Waves,The Weeknd,0.6489095392503401,0.8672942009598024,0.7087446977429764,179.3899102924662,-5.42300394840706,0.45434542306765513,99.95577032504386
drivers license,Ed Sheeran,0.3608442016611966,0.7083629767150348,0.036160380524762115,120.22496568450472,-7.9111727599483626,0.6302472194561579,76.9448894082047
Peaches,Ariana Grande,0.6759745792729834,0.837013328363672,0.3031283559453286,100.85139117628925,-6.312928291352048,0.24838360874320753,39.78657030174272
Good 4 U,Dua Lipa,0.7107887826146153,0.6974714616692836,0.26311256991084286,165.4416824396937,-6.301867440128234,0.7054608302834863,82.75530522740469
Montero,Ed Sheeran,0.8218076319290311,0.6801407717603004,0.3601364074715191,179.11738552496982,-9.476449798125277,0.4276013337033373,17.070836331248017
Kiss Me More,Ariana Grande,0.6021616823607756,0.6186113782151843,0.08764274676383854,92.076497422824,-2.3243237148208173,0.4425455148147456,3.0463686308960125
Industry Baby,Billie Eilish,0.38930621195689463,0.7527166395576412,0.9369578230310628,108.78489353071336,-5.83495568096121,0.6493223245768817,20.444837246427305
Butter,Harry Styles,0.4986431340591071,0.1586051052930737,0.5538022407123763,97.03663877131928,-1.7782011318357664,0.9362806214689267,34.041155611425964
Save Your Tears,Billie Eilish,0.5541576074790445,0.8808707591989284,0.30552431065802355,121.75296938986,-1.4965199888010456,0.06400634660862092,51.05807574595599
Peaches,Harry Styles,0.7521420689321208,0.871843527745232,0.3969815170742834,134.0421174686495,-7.88005945301342,0.8247432373470076,61.51291405411998
STAY,Drake,0.6995448132682383,0.029247283034559146,0.44720254050483565,169.85916043559678,-3.4264651782987148,0.2923831104121931,91.06057172144217
Shivers,Drake,0.5492677081284923,0.8258167505647627,0.6005943333606173,158.1377101858009,-5.277181958370183,0.4439194545063778,50.98540095504577
My Universe,Drake,0.9905606741550856,0.1288698674734452,0.5156794276964978,154.51142809741174,-1.19843262078515,0.021913328775008956,50.127564462572934
Easy On Me,Dua Lipa,0.7240423735498209,0.3351188542591419,0.9193919732144173,122.28499359315853,-7.842593208235459,0.30104607783431303,5.024300982298213
Cold Heart,Billie Eilish,0.4660587542151961,0.7435082562916078,0.49696348290583026,180.9737063701712,-3.221867996899558,0.5026312426301305,3.491155265622381
ABCDEFU,Harry Styles,0.3712477308342826,0.1607598960483082,0.9921580148233127,136.55446008777974,-3.922478777472774,0.05617607734743901,55.11599619163721
Enemy,Ariana Grande,0.4070013974290324,0.8179670241190622,0.8514249577450957,197.49259256181853,-7.046985224281672,0.49109572938316515,43.81786132483445
Beggin',The Weeknd,0.4721704098691557,0.8321341779577419,0.2085105143573358,156.09705659548843,-8.633990963488273,0.9271106288584273,83.91803949802986
Woman,Ariana Grande,0.412476961281689,0.5074677337608362,0.9305952146439163,95.15176898774033,-3.4836023952272344,0.10539321810780522,16.067958471184518
Need to Know,The Weeknd,0.43059691683591406,0.00638587171683358,0.11636639788547609,161.14130744905208,-2.614025418676693,0.7644407280755043,2.49716621170496
INDUSTRY BABY,Post Malone,0.4995666180856929,0.2870381331749128,0.8174497084911916,119.01248185180387,-6.8437265623665,0.40967105337599263,44.903876793012586
Blinding Lights,Ariana Grande,0.4213615167063284,0.6169269183757422,0.3806232934765801,162.35926360233168,-3.5516739597768616,0.655173714524338,23.74785567522575
Shape of You,Ed Sheeran,0.9277357972384976,0.9811861780274235,0.8779743204450695,88.35693777948869,-6.048690923884967,0.26023659798522936,4.961437333883745
Dance Monkey,Ed Sheeran,0.35616362196314955,0.6318135270166684,0.8680566901074503,100.98577246111512,-2.867931167173823,0.1594922625413583,72.4598286847629
Someone You Loved,Taylor Swift,0.6671579726991783,0.2598035810641598,0.8059254001176211,182.68847106869435,-8.007847251059468,0.16046261427122643,11.159299995724748
Bad Guy,Billie Eilish,0.587277778892763,0.6340057030996114,0.7900304363070614,107.26154684282179,-1.0978499736382563,0.07049194564314465,60.83195000077717
Watermelon Sugar,The Weeknd,0.9876650318360245,0.5399853797158555,0.3046791390980408,180.44493502915282,-7.1259040353442025,0.18564670490124302,28.104975016688915
Levitating,The Weeknd,0.37842723151763663,0.7798453951511436,0.08091928305125218,113.51313061452925,-6.322140122438471,0.6642193849889683,17.3496050355022
Stay,Billie Eilish,0.5784989193320191,0.10698063882695841,0.40298017876516146,157.14582920704493,-9.419080479196502,0.881690611843508,37.97515229193175
As It Was,Dua Lipa,0.9786293032927582,0.761027902502028,0.17352451498650867,163.29806882117973,-8.884877876787236,0.8141256855911618,80.14457762229537
Heat Waves,Taylor Swift,0.9058549881257862,0.5412665786761103,0.6949510889024617,141.51857037740635,-4.841380972876719,0.6851343098744841,39.20935769045727
drivers license,Dua Lipa,0.8719504496644959,0.9629920038589946,0.34609972653778553,116.63728120360776,-7.324073232720285,0.11043186341110267,75.07696492110557
Peaches,Dua Lipa,0.4805319789314578,0.3418721660386861,0.9756102008599149,105.51732516453154,-1.6451977425780555,0.28918744629594983,12.548629679915068
Good 4 U,Dua Lipa,0.4196213111730461,0.6326218931339481,0.640972077345332,83.98272254749115,-9.853066113450462,0.309806875322469,77.27714196650791
Montero,Billie Eilish,0.7680502539471017,0.9320281055100175,0.822480563634361,116.47356814888686,-6.209059513280638,0.24995694639762123,23.693332490664865
Kiss Me More,Dua Lipa,0.9505631923893101,0.10250972799067926,0.13252467274184843,158.37953486375397,-6.626544532309073,0.5150056597097231,67.73931298888728
Industry Baby,Ed Sheeran,0.6897340251097508,0.9372284872364511,0.8620144822726226,192.5965782138179,-9.80672369082399,0.5355538148796726,56.57815548409963
Butter,Drake,0.7001288826289298,0.6878857223008134,0.9227571905133943,184.54453787156626,-8.756316009994897,0.3568859751711102,92.91447172116874
Save Your Tears,Post Malone,0.4959853655621989,0.0678370591051719,0.4870619188189359,171.92777318423632,-5.863573250813648,0.353789158736436,38.732251797531404
Peaches,The Weeknd,0.8386450532343557,0.30096356694681625,0.6062529377509774,174.61368119039582,-5.071354155525533,0.8285555979060814,6.616518883444044
STAY,The Weeknd,0.4309306239902664,0.7081720886452816,0.7648098009029954,159.79818841711943,-5.957102527451309,0.7892928483196856,1.9155485551252904
Shivers,Post Malone,0.5265754654829705,0.0673506014687717,0.17483862726041255,111.23442290792036,-4.690623215879062,0.30779583168074565,82.6858560972753
My Universe,Billie Eilish,0.5978055070314917,0.5821704601762733,0.5025660764634424,188.86340368469956,-4.048683250943185,0.9137884438732593,52.473563766143215
Easy On Me,Ariana Grande,0.6553272650791184,0.34588305695295674,0.3986630277723131,160.48787742870007,-9.900761788721644,0.952815017002506,77.52440518349492
Cold Heart,Billie Eilish,0.4696868126905561,0.6209155177674771,0.1463739921622491,147.25287571765278,-5.359048405464961,0.32674254203004083,23.44256000115147
ABCDEFU,The Weeknd,0.38038577731744244,0.04574203381251285,0.36753442229153144,93.31873630561773,-0.36500759112411707,0.35442494879305486,34.50837455132337
Enemy,The Weeknd,0.7274340297091428,0.8715368061523763,0.06817230938549357,133.64666525677106,-4.809677198704513,0.5056341534219588,3.010387221131894
Beggin',Post Malone,0.502041387268179,0.9734889691773969,0.025811906949486985,135.24299254423116,-3.2245773254104684,0.9411208125336735,96.14923245741122
Woman,Dua Lipa,0.7068667549958285,0.9688778552856915,0.13516628915482276,183.74763314272042,-6.881361420831168,0.8763194331423115,66.78679067008134
Need to Know,Billie Eilish,0.4080539006919416,0.7496518317429247,0.9631151115891738,145.59778642253463,-2.2600862184723747,0.1025679625835898,93.32050877593062
INDUSTRY BABY,Harry Styles,0.6367980712983722,0.13008624013063197,0.549529535895017,125.64806587644915,-2.270785181238849,0.3927307432714162,26.549640742907233
Blinding Lights,Post Malone,0.6728126027861101,0.7582631959290226,0.96582216115322,197.2160394212791,-4.787039523458611,0.5533711897497718,61.146361122566084
Shape of You,Ed Sheeran,0.3362764757756988,0.02458691645880151,0.432497878330132,93.28647119915789,-0.23986176720786467,0.50313247255154,67.84999682926379
Dance Monkey,The Weeknd,0.5356229947357444,0.022123551528997254,0.3118161330852596,130.70581139743337,-8.744497852373467,0.19386306793689267,31.754970025758844
Someone You Loved,Post Malone,0.39409027385728196,0.32361021914954125,0.5061418628402441,85.04296102056864,-9.83052335110419,0.8588167711681547,84.81092350156301
Bad Guy,Billie Eilish,0.3443624793309374,0.48864319040466575,0.4395116886329101,168.78849449203165,-2.2984178824290407,0.6769407829968374,94.71614629002478
Watermelon Sugar,The Weeknd,0.9929721626729615,0.7704074178077932,0.10566468426174391,190.16918626389807,-1.9284446263511743,0.8379083748518036,88.48551176960044
Levitating,Ariana Grande,0.5256476914823061,0.6832953766065052,0.6408263146902062,113.60447954605874,-8.797927708794237,0.8587642793494722,73.90669759393725
Stay,Post Malone,0.8669121120982444,0.44590270637674834,0.2160381825095996,183.00100121589452,-7.344171670413939,0.7483558536657398,27.746467972495402
As It Was,Taylor Swift,0.4782484583346347,0.2736266662816659,0.6195879548978296,115.06618765542774,-9.82447636633371,0.43921060124971734,28.161604210563173
Heat Waves,The Weeknd,0.7770519055567504,0.9971245001577111,0.6502010923981534,189.29241939726984,-7.0669138921943535,0.6105467550154245,96.3360320446038
drivers license,Billie Eilish,0.8321595019227805,0.42618130223597295,0.1520248531286481,170.4754284316141,-2.268581260813285,0.16036540611974315,1.0284495935692028
Peaches,Drake,0.716947118425491,0.4513870243296755,0.06134962711066816,176.58881322097264,-4.820394722874211,0.6736454174749077,71.60499732421445
Good 4 U,Harry Styles,0.6301033319851108,0.16362382119166918,0.7807615860684398,82.16078667205454,-6.519044068317119,0.17925325573928075,70.62461625552622
Montero,Olivia Rodrigo,0.588288639903088,0.7948095487499294,0.4598004237693202,195.53724284888312,-6.282607050936697,0.6939495905101568,62.26895409497975
Kiss Me More,Dua Lipa,0.5442077865800967,0.6936822257814886,0.05816379550547579,167.2005190484388,-9.986463742845318,0.22959816075396866,99.01088460868658
Industry Baby,Olivia Rodrigo,0.9506704009734781,0.2207696127887604,0.9948663171697671,116.570131446336,-7.001994724347641,0.11755130015021997,31.187943576372522
Butter,Billie Eilish,0.8814335854514104,0.0823810456158427,0.05778056099636664,179.52735978306163,-3.535412583620695,0.16528449014295743,33.997186379324816
Save Your Tears,Ed Sheeran,0.9755188374665587,0.6804993020747131,0.6950352288585532,113.78254380979159,-0.25805556183642864,0.001992135219070268,7.893940294655555
Peaches,Ed Sheeran,0.3870080564398813,0.6545112142811352,0.9836789252634136,184.73046074793535,-1.5293917301610058,0.7187396178535302,44.27981365437375
STAY,Drake,0.811607232642551,0.2732595269982093,0.23918010421592562,93.50964684943244,-9.76405035354471,0.7324010490583791,26.10485262348481
Shivers,Dua Lipa,0.9568383197747263,0.9508635622504104,0.14224936868719618,164.44231729529548,-1.0143939532516058,0.5149333499132595,34.338670217764424
My Universe,Taylor Swift,0.4268631463159621,0.15105789178090023,0.1213849394224289,144.88381719738925,-2.1680158670137404,0.1613628010553837,83.45717902556277
Easy On Me,Drake,0.3465473871567442,0.4323348010426019,0.30327514756759555,91.58413642345289,-2.1962387642901957,0.08355433751068975,93.54845135274957
Cold Heart,Olivia Rodrigo,0.8187844545030414,0.9436159201675989,0.10104581101064669,109.02725939106068,-5.420042409964285,0.01912896643728701,18.573307200518563
ABCDEFU,Drake,0.7021311792259384,0.4197273169261223,0.6921613416941319,81.48848435327777,-6.019947070454972,0.1657481769652207,37.25089315534659
Enemy,Olivia Rodrigo,0.8892801437307905,0.6385259476640855,0.06229179813006269,136.25215585574068,-6.970842711668074,0.8908555349831467,92.8630562115394
Beggin',The Weeknd,0.39784066363840265,0.3975943979627943,0.5094221281497897,116.15183129120004,-9.343051410456342,0.24153684170168177,6.180846068922263
Woman,Ed Sheeran,0.8566871183019231,0.27421520234867003,0.9966968538529768,151.80289811573107,-7.717646365063009,0.35427132721721566,9.236052811137851
Need to Know,The Weeknd,0.44113912403342115,0.9839776479598282,0.8139702695060188,115.66853692503406,-7.533963650219754,0.10534548448133318,16.279098920622936
INDUSTRY BABY,Harry Styles,0.41455916000599313,0.409334006315043,0.6152194382310109,115.99029338083815,-5.159229302897984,0.22236130474817029,59.521283412687474
Blinding Lights,Dua Lipa,0.414986058551695,0.8940992036791344,0.30625362078661167,169.1831838477924,-2.5255559340330604,0.5192245707802051,15.047227100599747
Shape of You,Taylor Swift,0.8702023041619675,0.22995460589108618,0.6238958362916385,85.77714031740241,-5.2619017160205335,0.6077526830956526,96.80763814507335
Dance Monkey,Olivia Rodrigo,0.76563805448734,0.2131047040250833,0.5270414639116516,188.34739942303847,-9.421555505528394,0.24535231416621106,44.671452725852035
Someone You Loved,Taylor Swift,0.6661457973383835,0.03113408288451136,0.4260833838903715,182.27166492694178,-0.42210199011796057,0.05773215922511721,50.15179603501664
Bad Guy,Olivia Rodrigo,0.5511813388864517,0.651666825375885,0.13071037674019947,160.13656198716876,-0.5727568090588768,0.39103286912739865,24.66586158054065
Watermelon Sugar,Billie Eilish,0.9140403785691757,0.36852634372376114,0.8866042152404667,151.18658841288612,-2.148104568515916,0.23420337092633414,47.09602524347335
Levitating,Drake,0.5747115751958447,0.864358249839637,0.4497846488213225,187.07629977675828,-0.08672098435779496,0.21955392322980194,66.19136326370115
Stay,Harry Styles,0.8716196076301039,0.47320990669155716,0.19462251182076507,102.23962154344574,-4.555176671997371,0.9598628027134553,75.11771369540428
As It Was,Ed Sheeran,0.6073944359991529,0.9681934279147217,0.3677593508772896,89.47629946289943,-0.3723164974679385,0.6163004859257241,75.3868082709913
Heat Waves,Olivia Rodrigo,0.5638611005974352,0.18552551570312115,0.41412975252892703,108.74122038914457,-9.243949593832493,0.5568784431720959,57.789111269408835
drivers license,Taylor Swift,0.6238758499687245,0.8686231679556108,0.8275378955668743,175.34939344402284,-6.343192517386287,0.4157751035233219,90.43597749938573
Peaches,Harry Styles,0.5109645119148994,0.7765968527917417,0.733614380561402,84.160432007178,-7.746187319932342,0.42894433343014426,81.74078473061094
Good 4 U,Ariana Grande,0.8233265661233757,0.770921844644052,0.7693048936413398,149.93682021001877,-8.0416691586573,0.5409050038380808,75.70481146986255
Montero,Ariana Grande,0.6519042730647353,0.8447832281168877,0.011031264428647214,199.4525019429572,-8.591970511073239,0.6964298070361072,5.560552168046062
Kiss Me More,The Weeknd,0.4625488866027721,0.7610239909429989,0.4161539981797615,182.68353126050474,-3.7758635843400334,0.7021460961818294,0.6877962219649314
Industry Baby,Ed Sheeran,0.9297022012921978,0.6262203216314154,0.4813441516353236,142.57348268523074,-2.186781442526949,0.17169390770544957,21.244727719547296
Butter,Billie Eilish,0.5687238549612479,0.13124487768238757,0.019192276823056686,87.63690911439708,-4.217016005796394,0.500112752076627,66.35235939134523
Save Your Tears,Taylor Swift,0.680487002779792,0.032526179491251916,0.2598132087450342,179.76482172628516,-8.530372904117904,0.41195809503410197,41.119748888254584
Peaches,Drake,0.9345304776751828,0.9208478478156868,0.760289823122135,151.87742098126526,-1.8887623006652916,0.8705269662693842,40.24062592993117
STAY,Drake,0.7369665971397945,0.616650314520738,0.13710970572899905,93.79195964714802,-3.6404529283627154,0.6314189212183764,88.45868882296138
Shivers,Taylor Swift,0.38182862849585486,0.7965372909761763,0.5353101314525917,91.26287417880275,-6.118342938730045,0.5325040664159818,89.55628481318388
My Universe,Dua Lipa,0.9578824865294326,0.4815223515125501,0.2152018720172375,189.1552183323911,-3.25869704463937,0.11539464217891737,90.91752640535857
Easy On Me,Billie Eilish,0.7393956371499925,0.11730818896239448,0.012120774643893273,160.30403155256943,-7.400950207571672,0.6056378893234114,31.38780765150273
Cold Heart,Harry Styles,0.5344339302599602,0.12518579220255044,0.24120145759954148,179.51441591801068,-6.548077915057895,0.11720390568023342,69.10558127392618
ABCDEFU,Olivia Rodrigo,0.39749045086437107,0.6855652872289714,0.9758737549100538,185.47746803387207,-0.8251415686800971,0.33720657556575206,27.163318127436963
Enemy,Dua Lipa,0.8558176324892071,0.4303058948994627,0.8015371118829896,148.61268224579868,-7.094954943285796,0.14284196481433187,19.060983307444978
Beggin',Olivia Rodrigo,0.7340509291499595,0.20052472670033672,0.9595766443210334,142.09356221060494,-5.300117318420634,0.6920736470243689,18.463245734736923
Woman,Olivia Rodrigo,0.673422764383425,0.4915945467414369,0.48785404392636245,131.6512892385188,-1.098588626039854,0.2062521138361526,34.2107620863594
Need to Know,Dua Lipa,0.9257248081356704,0.06420893707513409,0.1097361986775035,118.03359053493432,-2.9227864973247257,0.391859373188026,42.99576197798217
INDUSTRY BABY,The Weeknd,0.8520180478571715,0.5819714019143988,0.547959488973693,132.15151530304541,-9.377967738352972,0.8956747776187787,83.09491710550684
Blinding Lights,Ariana Grande,0.4061724158129258,0.26899340443509767,0.4543773345599609,172.86555868761877,-8.526969557210297,0.2043163833989703,11.98910934727121
Shape of You,Olivia Rodrigo,0.5182054474568838,0.7975591006371882,0.844357082739616,152.23081172181577,-9.921584092280831,0.5078050639587791,73.49258473948942
Dance Monkey,Dua Lipa,0.473942397870126,0.31036195892357377,0.09808258078424459,187.10279479458154,-3.6907820977083663,0.419271661166022,53.14549141893053
Someone You Loved,Dua Lipa,0.8207624048008739,0.4552201490818012,0.4882411370217782,133.20560172550253,-5.5232657458958165,0.018124041045729733,28.794534267599246
Bad Guy,Post Malone,0.32347270431504554,0.011620539908100636,0.15004866469398426,152.8507494462505,-8.657251490977245,0.7927581135728128,49.281958453282456
Watermelon Sugar,The Weeknd,0.6989227794099215,0.07244688779455888,0.32467592689006,155.75690637103864,-0.42065878943229507,0.06904590631459973,29.994206977702266
Levitating,Ed Sheeran,0.8337210800184833,0.3924935564066848,0.7373570773877997,151.00365947675908,-4.703402760543801,0.4742550209769536,59.608195523830595
Stay,Post Malone,0.9137359457332246,0.4799388347171235,0.47601812936876653,164.31605277026196,-7.581067058871108,0.5606782949389499,43.38439228552442
As It Was,Post Malone,0.5394572241011352,0.6000205481193037,0.37588828514576933,108.49201620497675,-4.993964288452925,0.6284264566145871,16.440552907887874
Heat Waves,Taylor Swift,0.8748801132704089,0.29166257870930323,0.3944762785700353,141.48365330549487,-3.203796672648922,0.6886316293078756,11.658307455569672
drivers license,Ariana Grande,0.377442215868645,0.6949818861265425,0.45944676840598664,92.50697633700172,-9.237607820264355,0.2532723835227151,54.66956820721302
Peaches,Dua Lipa,0.8925166042141628,0.8601223971892046,0.7850165438370569,126.1413593173775,-7.25296184952108,0.009978776658449373,90.24130332861034
Good 4 U,Ariana Grande,0.38924206363238767,0.7798509888933498,0.8920846889402344,138.52004823455172,-1.9303450911600635,0.723443662354912,34.395768655768556
Montero,Billie Eilish,0.5781011033922571,0.039618825348357145,0.9553346865039283,158.2669111454567,-5.403351295973388,0.5356565993475786,73.30001072226231
Kiss Me More,Taylor Swift,0.8581067560456874,0.48050694725782894,0.7869033862552951,194.0637263103444,-4.534228579677051,0.8361177032072488,65.8661354939767
Industry Baby,Ed Sheeran,0.40494219914414165,0.10493017841817487,0.31540689574801273,152.07812798580272,-5.671839977905307,0.8213883629006943,93.1554914309481
Butter,Ariana Grande,0.460475976662849,0.24204501586252747,0.6881347060865421,169.23126994118718,-9.561000573569949,0.8433261677878832,82.09810172991409
Save Your Tears,Drake,0.8055767978751465,0.9866625932671464,0.4376031240553919,140.75192713942434,-8.34250220179844,0.48509465997954015,56.660525890546296
Peaches,Olivia Rodrigo,0.8040255755822521,0.14249554290151323,0.2546706220460512,156.09248376515976,-5.544583612581091,0.33362839583686565,65.70304982341074
STAY,Billie Eilish,0.7488033430197081,0.49888815345135606,0.8408715794259226,88.51186593605281,-7.908145345920722,0.79155820259137,89.83864665840349
Shivers,The Weeknd,0.78576391112697,0.6181557343181191,0.038426348962324997,110.52698970102163,-9.500209713403212,0.45129411302925493,39.95187845869348
My Universe,Ed Sheeran,0.6799071103433173,0.702464970544104,0.9017619921354235,123.42237118461665,-1.5635033594817624,0.1834421964034345,32.679470585777736
Easy On Me,Billie Eilish,0.4762593412348669,0.5596486834869141,0.46147746462473416,136.69920260078163,-0.1880747083588421,0.8549740195614743,1.081108363519634
Cold Heart,Olivia Rodrigo,0.5419871954527435,0.00977084741918366,0.6372014768082804,85.47784946028605,-2.0685712600326056,0.8825598767723473,82.65510741914642
ABCDEFU,Taylor Swift,0.4271184017609979,0.3264613082439919,0.6593539222057827,96.80289170639813,-1.46215078295333,0.4663097561401701,80.0980700403365
Enemy,Olivia Rodrigo,0.9359153929335398,0.5177116433847114,0.8951177407065364,113.21771693495668,-7.580228696829546,0.07569972730978747,10.445451810015138
Beggin',Post Malone,0.7083742563362843,0.08786649914483335,0.6366696821672073,196.58392290812608,-0.3937302448680029,0.38782608991693124,57.68573811327003
Woman,Olivia Rodrigo,0.5805959917345479,0.35062693120918076,0.6139335847600618,119.7616408523661,-8.030742955465715,0.8035376594626034,46.398169816688736
Need to Know,Post Malone,0.6234040625508929,0.033203108791366565,0.06665204056068996,137.8449269734499,-0.48570189638167705,0.9017740285462287,11.870909550911147
INDUSTRY BABY,Taylor Swift,0.9630983377282707,0.07857849715502074,0.5184080219452041,103.53172552860715,-0.051807060340490096,0.20347274249759584,98.05682270607235
Blinding Lights,Harry Styles,0.4073459821812561,0.39692327620159606,0.15016900081704165,153.29360852909218,-2.882771942539513,0.06697361202527152,21.469588746335543
Shape of You,Post Malone,0.710360882411758,0.13271575404306035,0.7374337687214856,113.68198586191691,-0.1885626820817805,0.8773504531328387,6.723418009056115
Dance Monkey,The Weeknd,0.6541220752191261,0.5675408482615582,0.5122219208126745,104.83910941261121,-4.304602204328964,0.3894049389788753,59.48473795019096
Someone You Loved,Olivia Rodrigo,0.7280179648042535,0.6894649691372657,0.6802277792083533,141.9887154135175,-7.404582168239097,0.5417609642675633,73.88666771330327
Bad Guy,Olivia Rodrigo,0.31267712867458836,0.8005866991090829,0.041672900602384266,80.6606958992505,-5.630041143343791,0.9680658120507589,3.2443446047186963
Watermelon Sugar,The Weeknd,0.9104867362609059,0.2001502442448101,0.08479201604580322,80.91968391790704,-4.06439064621214,0.06656472791422285,65.87176387270222
Levitating,Drake,0.9524827977385286,0.16748258225906976,0.7163233880626823,106.28825709222293,-9.26918437972985,0.6483180074520956,53.22918759514545
Stay,Dua Lipa,0.6955932285124462,0.10456784033440025,0.07208433599867337,84.40656350009854,-3.776567353827539,0.07410542257486707,10.326500887504842
As It Was,Harry Styles,0.7876555767138245,0.6364302495436367,0.0712567277652586,92.96309049568296,-0.18822163237705425,0.3754689284665004,17.252387694636205
Heat Waves,Ed Sheeran,0.9457495668241069,0.7064757264869012,0.01210847523488745,120.66327792065019,-8.098923502162723,0.8038145451934468,56.79742973160805
drivers license,Post Malone,0.795067044019379,0.03158614482564204,0.9565013982994801,176.31028154957755,-2.074048837116167,0.4334722327556344,29.63576135132884
Peaches,The Weeknd,0.40677733003998295,0.9362122462436898,0.737508359459007,148.64583720431608,-0.9210120622038058,0.9971823539029504,93.8315728651316
Good 4 U,Taylor Swift,0.7034018521167692,0.05197128365147241,0.35325140850206416,141.52012711476996,-0.5629840717977928,0.5590592849466022,81.87402294840508
Montero,Post Malone,0.7247005324679991,0.5412963353010705,0.2965355812876552,115.2186587849746,-0.39864395594552704,0.3211621526359535,98.3567206513663
Kiss Me More,Dua Lipa,0.5968914699116702,0.7090605194509164,0.34970322974584955,191.81044633193795,-4.785403612785281,0.22011132590475313,25.967083895041398
Industry Baby,Taylor Swift,0.815510964937306,0.8709691237460856,0.7746535311811819,127.641804948463,-0.22692092008496267,0.3505205342861618,96.9723632797977
Butter,Billie Eilish,0.9540569103383103,0.7140869321324278,0.6613706110704144,90.45113201549258,-2.4268979286556114,0.3725332737595508,43.12338697915579
Save Your Tears,Olivia Rodrigo,0.9478979590347434,0.8017280830697918,0.18519556786746794,154.04798193413615,-8.383285637630381,0.06871367772396098,34.751879531375465
Peaches,Billie Eilish,0.6155875599828924,0.33945019254280606,0.17410933533408435,93.66060721719217,-5.2309989353203,0.36957419942677316,5.034952696935324
STAY,Post Malone,0.3792666320885287,0.8148251137465122,0.09839564971339732,121.42677713620304,-2.81668824627996,0.4642385197392249,5.276525785960262
Shivers,Dua Lipa,0.9893888392736341,0.08011484638467514,0.6603027197013381,140.88943264613707,-7.526596841809167,0.7227377522388047,69.20112559466547
My Universe,Harry Styles,0.8872286605121538,0.8948166560605276,0.7643726622217359,184.9067029622211,-3.593848164511126,0.656729484721608,45.79289944340279
Easy On Me,Post Malone,0.3872638768422868,0.5475923761537362,0.265046428325004,139.22558964081423,-3.333995209533808,0.7087656552291542,22.65216260361057
Cold Heart,The Weeknd,0.9445893178321605,0.8172977699624937,0.020944961030912812,164.27105192379972,-8.37300256191434,0.008363681876857099,61.39703063252326
ABCDEFU,Ariana Grande,0.9089274534434897,0.45231828451830014,0.08217166747642735,199.13802067988843,-4.349146875472437,0.21766739958053605,25.285811825011116
Enemy,Post Malone,0.6631866399882504,0.643577695196525,0.9678600348450305,95.7786943877578,-2.2837308902139233,0.6616842883998565,57.76317543444226
Beggin',Olivia Rodrigo,0.7138928050214504,0.5264026609361132,0.29544477747742026,112.96778306234233,-5.011043354640581,0.48398936817974714,35.92087469826903
Woman,Olivia Rodrigo,0.5793018927090912,0.7315895217553319,0.7692231478381336,127.34912907171757,-9.878968832238925,0.005313475668345946,82.3552226611819
Need to Know,Post Malone,0.3383331471754219,0.08162998203058958,0.6246635688542638,130.61938142465976,-9.909615309207078,0.8044946424318223,82.06961607667793
INDUSTRY BABY,Taylor Swift,0.5346380691521306,0.0603520839905638,0.3819396396528959,129.32252903186549,-6.429706560299878,0.7728095732903374,47.73503981224013
Blinding Lights,Ariana Grande,0.861997414018608,0.24710323401014644,0.2056872621955551,188.9133203067866,-0.7380593156821806,0.5484191629935626,35.08191093350156
Shape of You,The Weeknd,0.303242416103222,0.15954468011318834,0.12138641815940643,165.68391733602277,-7.713232203963912,0.06646332577627212,36.25597965590946
Dance Monkey,Post Malone,0.5334494201838009,0.8717835665922017,0.6150129680388666,152.94862569088446,-3.6563631112831283,0.7665150495325846,80.57145256682179
Someone You Loved,Taylor Swift,0.5787180855136602,0.21921398735804432,0.774633780637788,117.12472614353385,-7.779241293066795,0.583713587731364,32.8179482797612
Bad Guy,Olivia Rodrigo,0.676176922056546,0.9758652558191313,0.6439042535411307,178.85484610655536,-6.783300103404514,0.7819599771579592,20.9059373706846
Watermelon Sugar,Olivia Rodrigo,0.9438989314889323,0.33689579177110685,0.5303021332491583,194.60726137819867,-1.5195791039851603,0.7517469923958404,8.468834187530682
Levitating,Dua Lipa,0.5424421960561728,0.18211791568869928,0.041951223431636264,178.5437939060272,-2.711385577300531,0.8030020719578371,46.66931208844084
Stay,Post Malone,0.5428672413273594,0.7896985071424791,0.9684887775943838,80.18781262297675,-9.046007226867893,0.5180080664046248,48.213209891984185
As It Was,Ariana Grande,0.8162508736768239,0.6587077755008761,0.7987141916545746,156.36816442200885,-5.712979790135664,0.140324518193515,84.09087104029072
Heat Waves,Drake,0.616552558622865,0.498195716453139,0.29282203670096474,86.13624577305208,-9.708302363547356,0.6711574733796887,22.123869644606398
drivers license,Ariana Grande,0.45722337605798735,0.5553635509376312,0.9799703293588506,110.91286644004663,-5.19109853396991,0.6204737850519706,38.099127366839994
Peaches,Olivia Rodrigo,0.6167076612928853,0.7192017782722638,0.6018815896363221,87.1429640417326,-3.3756598829893196,0.7422531871990872,80.8405738893691
Good 4 U,Olivia Rodrigo,0.3985999142658599,0.22845474133129873,0.5824226582072465,152.45545435392654,-8.814973764018484,0.1698810060507353,82.36236107489735
Montero,Billie Eilish,0.42347089055435627,0.9963339160567419,0.7480731794295321,162.3907896191128,-7.111150610908343,0.19497519990028922,38.46110759787682
Kiss Me More,Olivia Rodrigo,0.6488574409176358,0.9747931621467831,0.8117697880901376,93.73851656790862,-6.0216337449784305,0.8904095172193285,45.91240232866809
Industry Baby,The Weeknd,0.5932478146531834,0.6503256863469369,0.6564786073315027,126.06066596539753,-0.8046897534395026,0.7499777984520708,30.328589084928293
Butter,Ed Sheeran,0.9403921307476699,0.19954245092914513,0.12809574636620003,134.74838107466505,-0.06744984577036028,0.9082284887003229,93.2554878419312
Save Your Tears,Post Malone,0.5536757293816432,0.6802282424312913,0.3382675059944984,124.28636261130998,-9.55088701004384,0.7587153211639207,11.864376574158031
Peaches,Ariana Grande,0.7064118451946304,0.07219840897917584,0.9280836403260497,94.52300005822316,-2.38992076504608,0.5971553059903019,93.374942300147
STAY,Ed Sheeran,0.7425850015436712,0.030652502205806065,0.22461561184385193,130.27373482249703,-6.282759335976568,0.6541327370278737,68.38664518353433
Shivers,Taylor Swift,0.30916611961183355,0.2576828885112137,0.3721670238375133,170.14136573701018,-6.075418137705199,0.88912792394001,53.15721526867312
My Universe,Drake,0.7644761604116974,0.4626229567393163,0.432076882944196,88.52091974399066,-2.4573502665297733,0.5788067545119405,3.2659060784495875
Easy On Me,The Weeknd,0.424625176808826,0.8682725054083805,0.4394049896944522,89.62160168982841,-0.8157356785459129,0.6323913243283874,47.55961918220083
Cold Heart,Ariana Grande,0.9727492222286185,0.727169069766308,0.6129395824945255,122.5725550203181,-0.49071405497451615,0.15647671600360058,40.774810500273226
ABCDEFU,Ed Sheeran,0.40406390942717907,0.742706521199981,0.9430758377447076,193.007085394271,-4.228774139616792,0.4739212201161027,16.121881197512256
Enemy,Drake,0.5902368866089166,0.42549333444807536,0.24069271183250496,160.22871760674968,-6.428788406994972,0.716397111958099,65.6409603500657
Beggin',Billie Eilish,0.3597447676550507,0.3459349925469629,0.12150137630091806,161.4403948007078,-2.124509141412208,0.2709426983163654,97.11509073682858
Woman,The Weeknd,0.9978119762921631,0.3710387629846027,0.19747048985993731,123.43039890054379,-7.489986167376998,0.20225418052453492,56.218881106452514
Need to Know,The Weeknd,0.6515365072318697,0.9876495637360578,0.8869249002092695,151.2392949450246,-4.359259711664823,0.31382680822441555,71.47532764439458
INDUSTRY BABY,Billie Eilish,0.7167695121240306,0.04010919141248248,0.645810812655206,81.2157420833292,-6.414215384751269,0.24150062799283345,6.845045256601678
Blinding Lights,Post Malone,0.3469535341718992,0.8670314961224486,0.28590678923916013,156.33152556914507,-3.4336892629212388,0.21491263703639585,41.76669958169947
Shape of You,Billie Eilish,0.8249723292794244,0.5786754085723934,0.8159469389686173,189.5944337091484,-7.596010871064931,0.42485084286808694,11.635848516449588
Dance Monkey,The Weeknd,0.44693391516691,0.43861541918959046,0.861369996363436,153.5088162013783,-8.084070542651743,0.9078385138835341,61.27958355365104
Someone You Loved,The Weeknd,0.9286380026084995,0.7252576604151365,0.846514338690278,184.84383121596142,-0.8176091332456288,0.5070596467387183,93.84821582141547
Bad Guy,Ed Sheeran,0.443597748337405,0.48666894142470285,0.9189265336395545,166.87676665593125,-8.981963170504631,0.18792038081532303,66.17777324716386
Watermelon Sugar,Olivia Rodrigo,0.43348140446456657,0.8734232380816606,0.2522410201733616,94.46700996844282,-4.940420922650683,0.07697166938087407,7.680304831442153
Levitating,Drake,0.3255847674936664,0.9007018640112585,0.7550419287462783,188.29439687430101,-7.791472170369911,0.6961561451379252,35.466620498508284
Stay,Billie Eilish,0.6304468615769994,0.4217209268734554,0.46053949727414,87.97326132269299,-9.610700366743325,0.38279876443638783,55.066337944085156
As It Was,Drake,0.6953887932838314,0.2768277972350516,0.8419985528900615,144.07609670573166,-9.639811817085736,0.8218309465853593,40.320775613325225
Heat Waves,Billie Eilish,0.34599604759984665,0.5923503285933622,0.7284906771616132,97.05645485521492,-8.247782278941727,0.6595107686407702,83.36440104751723
drivers license,Taylor Swift,0.8428693316865075,0.912363345616691,0.7764474464997246,81.40479328770849,-1.332296454939998,0.7962414505413685,81.46710047099891
Peaches,The Weeknd,0.6173021843236193,0.21066218900566658,0.6561618376810715,130.64411121531668,-7.175212560229733,0.27194603941844875,61.183102010322145
Good 4 U,Olivia Rodrigo,0.667073188529306,0.6229665835634828,0.17742876946970687,115.40488491849875,-0.49540829424704214,0.6923589224610581,37.345794513270526
Montero,Ed Sheeran,0.6085339228567597,0.6315602200925206,0.5450269188969383,138.32005925571235,-4.183777070108064,0.2640619846937188,25.533637376324414
Kiss Me More,Olivia Rodrigo,0.5805341426127282,0.733113022415281,0.9846697395245082,149.26398640814608,-5.633858102312339,0.9390684794502916,10.587431821312931
Industry Baby,Olivia Rodrigo,0.6917482319157524,0.1315676851272598,0.9373880664971189,85.24868867707369,-4.199111653305454,0.6363742815333744,35.4897683486554
Butter,Olivia Rodrigo,0.40866817215149875,0.7158249646820886,0.04317373579701167,94.76039541484948,-4.833016147737323,0.3245118001753421,41.31725172077195
Save Your Tears,Drake,0.42734969134668976,0.909032520665641,0.16481481572943713,147.03708757405104,-2.4122374624267486,0.26951186229227264,67.58229251040736
Peaches,Billie Eilish,0.903249934709462,0.17968310887024197,0.1317287734545619,121.18008238071899,-7.175039340271478,0.1909265850716435,65.81598242975734
STAY,Harry Styles,0.9622808234935429,0.23754332492387764,0.7259799099852955,167.50081850593375,-6.469496083996976,0.6946409588937278,7.0108139641256955
Shivers,Taylor Swift,0.5613165213958271,0.9713950940416396,0.8177853298569451,158.27499783103275,-1.0590569746674934,0.2187156129979273,39.525931543115775
My Universe,Ariana Grande,0.4895212712004876,0.18097695270948977,0.2135113663106719,181.47252355878882,-0.5354348684959458,0.5953032659274891,18.177886721736193
Easy On Me,Olivia Rodrigo,0.7507996802673109,0.8543850933695791,0.505852692951829,163.09913920030704,-1.0744177251352554,0.26463502692535734,15.68127053168057
Cold Heart,Post Malone,0.5861139197686674,0.4922778564480348,0.8407030280112,131.59172928681778,-5.805520060426864,0.6619689447938686,82.73021497372459
ABCDEFU,Drake,0.3177704489622414,0.24723107440317704,0.7328015447662506,160.7559946873319,-2.196344969931183,0.8149397285405392,4.191521671625753
Enemy,Ed Sheeran,0.40930681815633324,0.8707499012725114,0.5422372054918483,113.04574091065022,-5.236642666989012,0.7780252431446532,41.91828759021213
Beggin',Ariana Grande,0.8011805601931783,0.4453052550026655,0.5903476904587729,116.75761985338552,-5.024601478538978,0.7608513309307817,16.82036557665182
Woman,Harry Styles,0.761246759337106,0.5148173539296902,0.50836054691628,174.6782191904952,-7.953198909427161,0.18772240569225207,87.9330215678474
Need to Know,Post Malone,0.31896719475243845,0.3592333693997657,0.2975484513188206,133.57034196818987,-4.088696967414835,0.08838494698451871,55.704051327503514
INDUSTRY BABY,Harry Styles,0.4553805133530646,0.5929508514349274,0.5650219928590161,175.8056408622023,-8.13864102246652,0.6989488284873856,23.1380636376848
Blinding Lights,Ariana Grande,0.46175235761164996,0.16352387258502277,0.6888853020500907,178.6906848401934,-6.6843530093280625,0.3683472137943513,50.24272871663764
Shape of You,Olivia Rodrigo,0.7703249205191098,0.3910815366517607,0.8733229158608077,182.90748051935407,-1.4496979838006485,0.4323462264033473,73.14863597031159
Dance Monkey,Post Malone,0.3137973764280549,0.9694123223352875,0.6362913539792481,189.9962283009449,-7.929241907891448,0.031149092793391064,95.81180089194338
Someone You Loved,Harry Styles,0.3728760073892017,0.25813343270112754,0.761121537043158,131.71822646159555,-9.288417148265673,0.2595764492750492,22.044600424541894
Bad Guy,Ed Sheeran,0.8599412597612326,0.6567366645412922,0.160071634954573,118.26401819853666,-9.309924073871837,0.03367640387446402,88.61817721293451
Watermelon Sugar,Billie Eilish,0.4249812634380335,0.3251900642246949,0.4615574744197899,149.86384959129367,-0.5921547949689216,0.8791857726012476,93.43041141674902
Levitating,The Weeknd,0.7569222754963123,0.7734731256866006,0.009331619827093296,124.54069081251531,-4.930795620381653,0.24339668321853047,91.64205445320663
Stay,Billie Eilish,0.46672794673270857,0.13087366071834983,0.24667886452162302,152.12890001602796,-5.905879281829817,0.557337169573008,63.54143568619099
As It Was,Ariana Grande,0.3696089749315416,0.9698210450785447,0.7264617151130048,164.67030351725896,-1.8912141899208166,0.03897932066113041,62.982065443470766
Heat Waves,Drake,0.4702205336996178,0.45378954138363925,0.9918099513493635,162.60860221905642,-1.6417407208948394,0.6668473913056581,40.32106331838228
drivers license,The Weeknd,0.8055868522989613,0.23605046334646396,0.0991780995872159,124.94634644241457,-6.678089668843954,0.32302734575409386,75.23978823037879
Peaches,Taylor Swift,0.8989875276743999,0.07349674733001266,0.40149431586128825,100.02322420385033,-3.0638194252620474,0.8979191869576658,53.12940183509319
Good 4 U,Ed Sheeran,0.881153905196894,0.16975790508754074,0.8000709686991595,131.6635206154649,-2.288771841481134,0.8881181889340358,67.74380712282945
Montero,Taylor Swift,0.5780284707329184,0.5197739485560177,0.20403563462889884,97.11129728982905,-3.453493131340455,0.3252906183617478,42.84579038487954
Kiss Me More,Post Malone,0.7676595955994523,0.3370031764312863,0.5550849493022862,186.811644222057,-8.484049251999007,0.9009608956904679,73.14964640431391
Industry Baby,The Weeknd,0.44348900679107467,0.8288833658826095,0.7330712960296748,121.5052952885429,-1.2411691648294294,0.9961576734987788,82.4471517604549
Butter,Taylor Swift,0.5052034111827093,0.43088752366180594,0.615985450260179,98.53516966679885,-4.609054472639913,0.8254156641239481,14.64362566028161
Save Your Tears,Taylor Swift,0.9274350729647838,0.2487142725876299,0.18802473461541613,83.05373118869011,-7.175275736299963,0.844871347755229,83.2929715574228
Peaches,Harry Styles,0.3091013464575152,0.61714498660403,0.3553845686857394,157.4986863543781,-5.747718145623061,0.2490087361090899,54.029653179030724
STAY,Billie Eilish,0.35985597159812766,0.7067772168854458,0.7837917844853972,156.42827809456918,-9.624289096010926,0.5767023988577563,84.46659090902243
